,Cluster_0,Cluster_1,Cluster_2,Cluster_3
1553441_at,4.906890596000009,-2.4684599999999994,-0.9706916666666664,4.906890596000023
1555102_at,4.906890596000009,-1.8736849999999996,-0.9646166666666665,4.906890596000023
1555756_a_at,9.364427372327048,7.753542499999999,7.035502777777778,6.049532473947028
1555745_a_at,12.30858645384277,11.092450000000003,11.004794444444443,10.06075483045364
1556395_at,5.576665371251584,2.1462574999999995,1.7630249999999998,5.597983885708626
1556598_at,4.909363760333343,-0.3511499999999999,0.6671083333333332,4.998536131963597
1553808_a_at,6.196462262012587,4.1829725,5.1665333333333345,6.3023787404768346
1554764_a_at,4.906890596000009,-0.6801625,-0.28707777777777777,4.906890596000023
1553963_at,4.906890596000009,-0.5984300000000001,-0.4452583333333333,4.906890596000023
1555412_at,4.906890596000009,-1.1562025,0.38580833333333336,4.906890596000023
1557636_a_at,4.906890596000009,0.15813000000000002,-0.5732583333333334,4.906890596000023
1555939_at,4.906890596000009,-0.35584499999999997,-0.05183333333333335,4.906890596000023
1554920_at,4.906890596000009,0.003022500000000017,0.12209166666666664,4.906890596000023
1556366_s_at,4.906890596000009,-0.6642174999999999,0.24380833333333335,4.90918537164903
1555928_at,4.906890596000009,-1.0122874999999998,0.9155527777777777,4.906890596000023
1552661_at,4.906890596000009,0.01882750000000003,0.5770527777777777,4.908838162000023
1555111_at,4.906890596000009,-0.6711675,0.7954222222222223,4.906890596000023
1557017_at,4.906890596000009,0.15016999999999997,0.051425000000000054,4.906890596000023
1554892_a_at,7.002843347937108,7.224670000000001,7.236627777777778,7.032053454215235
1552972_at,4.906890596000009,0.0008700000000000142,0.16721388888888888,4.907153908380819
1559265_at,4.945003326911957,0.6181400000000001,0.8308611111111113,5.0035343647450485
1559483_at,4.906890596000009,-0.38489249999999997,0.2232805555555555,4.906890596000023
1552521_a_at,4.906890596000009,-0.07154749999999999,0.3706916666666667,4.914902314182143
1557627_at,4.906890596000009,-0.05767999999999999,0.3093666666666668,4.906890596000023
1557692_a_at,4.906890596000009,-0.1794075,0.5054666666666667,4.906890596000023
1553886_at,4.906890596000009,-0.3364175,0.7655583333333335,4.906890596000023
1554723_x_at,4.906890596000009,-0.14873250000000016,0.9764916666666665,4.906890596000023
1554354_at,4.906890596000009,-0.10760750000000005,1.0451611111111112,4.906890596000023
1559477_s_at,6.946829581993713,5.949910000000001,6.044130555555556,6.765200762708618
1556300_s_at,4.906890596000009,-0.0031400000000000594,1.0814527777777778,4.906890596000023
1557741_at,4.906890596000009,-0.0005899999999999649,0.5987000000000003,4.906890596000023
1555504_at,4.906890596000009,0.31077000000000005,0.3173361111111111,4.906890596000023
1554507_at,4.906890596000009,-0.31323250000000014,1.4189388888888892,4.908192692453666
1559502_s_at,8.498250118924528,7.7065600000000005,6.032799999999999,6.009536184986763
1555167_s_at,7.9449033729496845,6.977097499999997,5.909116666666666,6.1051872982086195
1554899_s_at,10.898340253805035,9.463752500000002,9.047813888888887,8.273079291139076
1559147_at,4.929706262748437,0.18300000000000005,1.1354333333333335,5.006024958298035
1553183_at,5.487238327540887,4.486384999999999,4.9426250000000005,6.078644974258289
1553546_at,4.906890596000009,-0.2696125,1.1924305555555559,4.906890596000023
1553362_at,4.906890596000009,0.2812799999999999,0.8652861111111113,4.906890596000023
1552771_a_at,4.906890596000009,-0.06997500000000002,0.5505722222222222,4.906890596000023
1554997_a_at,7.13021077755346,6.325782500000001,6.037180555555555,5.988650300221868
1555800_at,4.906890596000009,-0.1735425,0.7386138888888889,4.906890596000023
1553320_s_at,4.906890596000009,-0.21389250000000004,1.7267944444444439,4.906890596000023
1556759_at,4.906890596000009,0.1351275,0.9429083333333335,4.907316865251679
1558667_at,4.906890596000009,-0.14301999999999998,1.135336111111111,4.906890596000023
1556288_at,4.906890596000009,0.012407500000000009,0.6362944444444444,4.906890596000023
1554131_at,4.906890596000009,0.5406124999999999,0.7711638888888889,4.906890596000023
1553276_at,4.906890596000009,0.42256499999999997,0.5191555555555554,4.9190557250165785
1554142_at,4.906890596000009,0.4413575000000002,0.9326861111111112,4.906890596000023
1558387_at,4.906890596000009,0.19372250000000008,1.2297777777777779,4.906890596000023
1553344_at,4.906890596000009,0.152545,1.047511111111111,4.906890596000023
1554884_at,4.906890596000009,0.37060249999999995,0.561438888888889,4.906890596000023
1553636_at,4.906890596000009,0.220025,0.7493333333333333,4.906890596000023
1559264_at,4.906890596000009,0.21738500000000002,0.5857388888888888,4.906890596000023
1553830_s_at,4.906890596000009,0.020800000000000013,0.9868583333333335,4.906890596000023
1557326_at,4.906890596000009,0.42312500000000003,0.8437777777777778,4.9095911768874405
1555214_a_at,6.746520376616355,4.3749325,4.082463888888889,4.996347272854325
1553765_a_at,4.906890596000009,0.5965524999999998,0.8801138888888889,4.906890596000023
1555601_at,4.906890596000009,0.04733250000000004,1.156861111111111,4.906890596000023
1557534_at,4.958265761069192,1.5433750000000002,3.6004249999999995,5.414260601443726
1557765_at,4.906890596000009,0.4246825,1.4207166666666668,4.906890596000023
1555710_at,4.906890596000009,0.5406699999999999,0.6853194444444445,4.906890596000023
1556351_at,4.906890596000009,0.2464825,1.4505833333333331,4.906890596000023
1553613_s_at,5.311450639754727,3.9205700000000006,4.063172222222221,5.745271056715247
1557475_at,4.907275502641519,0.7593300000000001,1.0004805555555556,4.906890596000023
1405_i_at,8.061329825301888,8.0612575,7.7127722222222195,7.706565683205298
1554190_s_at,4.906890596000009,0.28989750000000003,1.0269666666666666,4.906890596000023
1557849_at,4.906890596000009,0.3856649999999999,1.221227777777778,4.906890596000023
1555444_a_at,4.906890596000009,0.32167249999999975,1.1040111111111113,4.906890596000023
1553482_at,4.906890596000009,0.27203,0.8736583333333335,4.906890596000023
1553822_at,4.906890596000009,0.7544025,0.6658083333333333,4.906890596000023
1557746_at,4.906890596000009,0.46160500000000004,1.2292527777777777,4.906890596000023
1559506_x_at,4.906890596000009,0.5243749999999998,1.1538722222222222,4.90722866946691
1552367_a_at,4.906890596000009,0.12457750000000004,1.2405666666666664,4.908371186536447
1555602_a_at,4.906890596000009,0.36112500000000003,0.8917861111111114,4.906890596000023
1555527_at,4.906890596000009,0.2593399999999999,1.2900249999999998,4.906890596000023
1559213_at,4.906890596000009,0.5465025,1.0918555555555556,4.906890596000023
1556034_s_at,6.898110056817612,5.2185299999999994,5.013830555555554,5.107795579311279
1554492_at,4.906890596000009,1.3028425000000006,0.3482833333333334,4.906890596000023
1554600_s_at,8.499241721119496,7.494737499999999,7.374463888888889,7.194103957516551
1559653_at,4.906890596000009,0.43609,1.7990777777777778,4.906890596000023
1554679_a_at,6.528734709628931,7.170977500000001,7.281005555555556,7.441350836304632
1552487_a_at,4.906890596000009,0.465105,1.3601027777777779,4.906890596000023
1554012_at,4.906890596000009,0.7686124999999999,0.9979250000000002,4.906890596000023
1557180_at,4.906890596000009,0.559145,1.6546555555555562,4.906890596000023
1553448_at,4.906890596000009,0.4314475,0.952875,4.906890596000023
1552993_at,4.906890596000009,0.82681,0.8314583333333335,4.906890596000023
1555033_a_at,4.906890596000009,0.3653375,1.027947222222222,4.906890596000023
1555794_at,4.906890596000009,0.3072000000000001,1.9376638888888889,4.906890596000023
1559504_at,4.906890596000009,0.7231425,1.4212055555555556,4.907446179079494
1555038_at,4.906890596000009,0.3584125000000001,1.1882666666666666,4.906890596000023
1556592_at,4.906890596000009,0.8432400000000001,0.9858027777777778,4.906890596000023
1559341_at,4.906890596000009,0.5222000000000001,1.2041250000000001,4.909276300559626
1558871_at,5.712410036622647,5.476280000000001,5.115508333333333,6.2811492156258355
1552990_at,4.906890596000009,0.6465200000000001,0.825675,4.906890596000023
1552906_at,4.906890596000009,0.7843974999999999,1.2398305555555555,4.906890596000023
1555503_a_at,5.807855326207549,6.404557499999998,6.364944444444443,6.350514639725172
1559543_at,4.912950181685543,0.07989249999999996,2.1111861111111114,4.921802310688765
1553620_at,4.906890596000009,0.38565000000000005,1.199738888888889,4.906890596000023
1556884_a_at,4.906890596000009,0.9511600000000001,1.3071805555555553,4.906890596000023
1559709_at,4.906890596000009,0.5591825000000001,0.9895361111111112,4.906890596000023
1556996_at,4.906890596000009,0.6181800000000001,1.173663888888889,4.906890596000023
1554624_a_at,7.873742863672953,6.9829825,6.163905555555557,5.598682784473522
1554072_s_at,4.906890596000009,0.8870850000000001,1.4422416666666664,4.906890596000023
1553874_a_at,4.906890596000009,0.5149950000000001,1.1121277777777776,4.907016317357639
1553654_at,4.906890596000009,0.8603425,1.1848750000000003,4.906890596000023
1557403_s_at,4.914080106408814,1.3284275,1.1654277777777777,4.920980091245054
1556749_at,4.906890596000009,0.6568,0.9440888888888891,4.906890596000023
1557181_s_at,4.906890596000009,0.3342325,1.8891638888888889,4.906890596000023
1555492_a_at,4.906890596000009,0.6752100000000001,1.1303833333333333,4.906890596000023
1555533_at,4.906890596000009,0.7127799999999997,0.9489361111111112,4.906890596000023
1557359_at,5.9598048976603835,5.686195000000001,5.998972222222223,6.530182837910603
1554981_at,4.906890596000009,0.9640224999999999,1.0974777777777773,4.906890596000023
1559274_at,4.906890596000009,0.7680624999999999,1.5161999999999998,4.906890596000023
1552987_a_at,4.906890596000009,1.1779849999999996,1.1648555555555555,4.907640624241745
1558480_at,4.906890596000009,0.9786725000000001,1.3603861111111109,4.906890596000023
1559725_at,4.906890596000009,0.996865,1.190736111111111,4.906890596000023
1554982_a_at,4.907333296169821,0.4907874999999999,1.2974055555555557,4.906890596000023
1556095_at,4.906890596000009,1.5072024999999998,0.6950333333333335,4.907879530817905
1554156_a_at,4.906890596000009,1.2445950000000001,0.6271611111111111,4.906938130082804
1555197_a_at,4.906890596000009,0.8985275000000001,0.7856666666666666,4.906890596000023
1554912_at,4.906890596000009,0.32999999999999996,1.7023527777777778,4.906890596000023
1557762_at,4.906890596000009,0.9099025000000001,1.4207000000000003,4.913859510059625
1552566_at,4.906890596000009,0.81602,0.989186111111111,4.906890596000023
1556207_a_at,4.906890596000009,0.8895650000000004,1.3455472222222222,4.906890596000023
1556625_a_at,4.906890596000009,0.7065499999999999,1.7824277777777777,4.906890596000023
1554932_at,4.906890596000009,0.74759,1.0487833333333334,4.906890596000023
1557791_at,4.906890596000009,0.6903800000000001,1.167827777777778,4.906890596000023
1558834_s_at,4.906890596000009,1.0978074999999996,1.1783666666666668,4.907943827023202
1554272_at,4.906890596000009,1.2499625,0.8267666666666665,4.906890596000023
1553494_at,4.906890596000009,0.7559999999999999,1.5004472222222223,4.9091259044602875
1554550_at,4.9074477904842855,0.7810600000000001,1.8025083333333332,4.908143945745056
1553776_at,4.906890596000009,0.6695800000000001,1.76815,4.906890596000023
1552489_s_at,4.906890596000009,1.3153825000000003,0.9615444444444443,4.906890596000023
1557837_a_at,4.906890596000009,0.76642,1.1191138888888887,4.906890596000023
1558009_at,4.909386760477997,0.6350499999999999,2.138863888888889,4.906890596000023
1559590_at,4.906890596000009,0.8695624999999998,1.5326666666666664,4.906890596000023
1553924_at,4.906890596000009,0.9931699999999999,0.9334444444444444,4.906890596000023
1557506_a_at,4.906890596000009,0.8870699999999999,1.2656444444444448,4.908429232645719
1557881_at,4.906890596000009,1.298205,0.8626833333333335,4.906890596000023
1553383_at,4.906890596000009,0.5210750000000001,1.6848000000000003,4.906890596000023
1559567_at,4.906890596000009,0.6496474999999999,1.285902777777778,4.906890596000023
1559685_at,4.906890596000009,0.918535,1.2831027777777775,4.906890596000023
1557261_at,5.70306225503145,5.071389999999999,5.135397222222222,6.001295366387429
1559612_at,4.906890596000009,1.4846425,1.0317583333333333,4.906890596000023
1559124_at,4.906890596000009,0.49917000000000017,2.0074888888888887,4.907853568059626
1555804_a_at,4.906890596000009,0.7339300000000001,1.1520138888888887,4.906890596000023
1552394_a_at,4.906890596000009,0.769975,1.6991138888888888,4.908429232645719
1554855_at,4.906890596000009,0.6812700000000002,1.2399416666666665,4.906890596000023
1557599_a_at,4.906890596000009,1.3552450000000003,1.0698555555555558,4.906890596000023
1556851_at,4.906890596000009,0.652665,1.4210277777777778,4.906890596000023
1555728_a_at,7.755210422855346,6.695745,6.584016666666668,5.732226127973519
1552843_at,4.906890596000009,0.5755774999999999,1.4027722222222223,4.906890596000023
1557597_at,4.906890596000009,0.7379325,1.6272944444444446,4.906890596000023
1552338_at,4.906890596000009,0.7491749999999999,1.1407666666666667,4.906890596000023
1555142_at,4.906890596000009,0.7675500000000001,1.407719444444444,4.906890596000023
1557822_at,4.906890596000009,1.2565175,0.9312666666666666,4.906890596000023
1555341_at,4.906890596000009,0.9046375,1.6952805555555557,4.906890596000023
1552837_at,4.906890596000009,1.0274874999999999,1.8445500000000001,4.906890596000023
1555938_x_at,8.418758594113214,8.3950025,7.96853055555556,7.489919188791388
1554887_at,4.906890596000009,0.9863050000000001,1.21095,4.906890596000023
1553022_at,4.906890596000009,1.2057850000000003,1.2169388888888888,4.906890596000023
1558121_at,4.91084759162265,0.8581975,1.6070166666666668,4.906890596000023
1559086_at,4.906890596000009,0.967455,1.3043777777777776,4.907138814731812
1555692_at,4.906890596000009,0.6691874999999999,1.5646361111111113,4.906890596000023
1558708_at,4.907504500377367,0.921275,2.0640555555555555,4.907969305142408
1557863_at,4.910206968213846,0.5240250000000001,2.1678222222222217,4.909954554248367
1558210_at,4.906890596000009,0.6414350000000002,1.545586111111111,4.906890596000023
1553868_a_at,4.906890596000009,1.0945675000000001,1.7165000000000004,4.906890596000023
1556392_a_at,4.906890596000009,1.7221200000000003,0.7911444444444444,4.906890596000023
1557427_at,4.906890596000009,0.8451000000000001,1.3108722222222222,4.906890596000023
1552908_at,5.830321984572333,5.420772499999998,6.439655555555556,6.707487571894047
1557151_at,4.906890596000009,0.70469,1.5800500000000002,4.906890596000023
1554988_at,4.906890596000009,1.0433774999999998,1.132538888888889,4.906890596000023
1552798_a_at,7.388720634415093,6.1905825,5.799827777777779,5.516220263781467
1557991_at,4.906890596000009,0.9207299999999998,1.150725,4.906890596000023
1554378_a_at,4.906890596000009,0.8069450000000004,1.5405194444444446,4.906890596000023
1557079_at,4.907275502641518,1.1917824999999997,1.3519027777777777,4.906890596000023
1552269_at,4.906890596000009,0.9372875000000003,1.2868333333333333,4.906890596000023
1553147_at,4.906890596000009,0.9216799999999999,1.3774916666666666,4.906890596000023
1556297_a_at,4.906890596000009,0.9391374999999998,1.3452194444444443,4.906890596000023
1555382_at,4.906890596000009,1.2475975,1.515958333333333,4.906890596000023
1559686_a_at,4.906890596000009,0.7924325000000001,1.3031138888888885,4.906890596000023
1556920_s_at,4.90709987998743,0.7655424999999998,1.5198027777777778,4.910015128509957
1556872_s_at,4.906890596000009,0.8799549999999998,1.3259999999999998,4.906890596000023
1558216_at,4.906890596000009,0.7260099999999999,1.3690555555555557,4.906890596000023
1554725_at,4.912257589308185,0.83917,1.6147166666666672,4.909095890940421
1555579_s_at,5.446807480125797,3.3694950000000006,3.820666666666667,5.201727678195385
1557498_a_at,4.913271087358499,0.8107600000000004,1.7469388888888888,4.910276181185454
1554406_a_at,8.160867280471699,7.2615799999999995,6.748341666666667,5.99474465041391
1553965_x_at,4.906890596000009,0.8800775,1.4537000000000002,4.906890596000023
1556776_a_at,4.906890596000009,0.9825975000000001,1.3261166666666666,4.906890596000023
1552448_a_at,4.906890596000009,1.2240149999999996,1.1141361111111112,4.906890596000023
1555498_at,4.906890596000009,0.8076625,1.8125138888888885,4.916191049344395
1556159_at,4.906890596000009,1.1332525000000002,1.6241,4.912427815586116
1556262_at,4.906890596000009,1.0071350000000003,1.3842555555555556,4.906890596000023
1557876_at,4.906890596000009,0.7677599999999999,1.7973277777777779,4.906890596000023
1556624_at,4.906890596000009,0.8476100000000002,2.3785611111111122,4.906890596000023
1553009_s_at,4.906890596000009,0.8625100000000001,1.3590222222222221,4.906890596000023
1557362_at,4.906890596000009,0.9356899999999998,1.1936750000000003,4.906890596000023
1559275_x_at,4.906890596000009,1.2997775,1.3926250000000002,4.906890596000023
1552496_a_at,4.909660537635229,0.56449,2.3620333333333323,4.932653807639096
1555759_a_at,7.633354439182388,7.5898150000000015,7.46308888888889,7.355900484235097
1558689_a_at,4.906890596000009,0.837495,1.8053277777777776,4.907016317357639
1555227_a_at,4.911984700044035,2.646475,0.5128305555555556,4.907731513228499
1556883_a_at,4.906890596000009,0.8502074999999998,1.4954944444444445,4.906890596000023
1553962_s_at,7.739131240861632,7.319627499999998,7.334188888888887,6.859755811966886
1553295_at,4.911249413559757,1.6026075000000002,2.351630555555555,4.914379733513267
1559542_a_at,4.906890596000009,1.1357650000000001,1.7053555555555553,4.906890596000023
1552365_at,4.930405534547178,1.32338,1.8771138888888892,4.9337648116390955
1553266_at,4.906890596000009,1.3871850000000001,1.6791583333333335,4.906890596000023
1556210_at,4.906890596000009,1.8271299999999997,1.4145694444444443,4.925841681781479
1554526_at,4.906890596000009,0.9021925000000002,2.549894444444444,4.90794746341393
1552439_s_at,4.906890596000009,0.8728049999999999,1.7705833333333332,4.906890596000023
1552449_a_at,4.906890596000009,1.27691,1.1551722222222223,4.906890596000023
1558571_at,4.906890596000009,0.7891575000000002,1.7314999999999996,4.906890596000023
1553898_a_at,4.906890596000009,0.8249199999999994,1.7262055555555555,4.9069064933046596
1552424_at,4.908340991773595,0.5162325,2.2403277777777775,4.906890596000023
1558193_at,4.906890596000009,0.782535,1.723263888888889,4.906890596000023
1555349_a_at,11.694610450880498,10.7918475,10.630363888888889,9.849497802913898
1558411_at,4.9501205938301975,2.5795350000000004,2.452036111111111,5.026538640447042
1557883_a_at,4.906890596000009,1.1821125000000001,2.111836111111111,4.908531970708633
1556936_at,4.906890596000009,1.7197274999999999,1.7270861111111113,4.906890596000023
1555798_at,4.906890596000009,1.3626275000000003,1.3509916666666664,4.906890596000023
1553194_at,5.158425220754724,3.2450875000000003,4.471283333333334,5.555434232089419
1555643_s_at,7.160426122823905,6.025884999999999,5.900819444444447,5.435272235844382
1554022_at,4.906890596000009,1.3393850000000003,1.3624472222222224,4.906890596000023
1559621_at,4.906890596000009,0.9865049999999999,1.8007916666666663,4.907530483665586
1557009_a_at,4.906890596000009,1.2408100000000002,1.3981638888888892,4.906890596000023
1555979_at,4.908158733490575,0.8064374999999998,1.735811111111111,4.906890596000023
1556837_a_at,4.906890596000009,1.1471725000000002,1.3034111111111106,4.906890596000023
1558757_at,4.906890596000009,1.5239724999999997,1.3578555555555556,4.906890596000023
1555665_at,4.906890596000009,0.8633750000000001,1.6500666666666663,4.906890596000023
1552913_at,4.906890596000009,1.2274875,2.7232472222222217,4.90722866946691
1552623_at,8.149004894320756,8.131272500000001,8.620758333333335,9.024018805241727
1555817_s_at,4.906890596000009,0.8625025000000003,2.3362499999999997,4.906890596000023
1553982_a_at,6.080470666553466,6.176260000000001,6.3213333333333335,6.6749251047781515
1556287_a_at,4.906890596000009,1.3927075000000004,1.5965972222222222,4.906890596000023
1553075_a_at,4.906890596000009,1.3126650000000002,1.7767361111111113,4.906890596000023
1552713_a_at,5.63283499284906,6.4359850000000005,6.1439611111111105,6.18795850426159
1558900_at,4.906890596000009,1.8196125000000003,1.3715861111111112,4.906890596000023
1552393_at,4.9094554131698205,1.07223,2.154783333333333,4.907969305142407
1557566_at,4.908468970672965,1.2831150000000002,2.1308166666666666,4.910822366678831
1556579_s_at,6.625890660496857,7.2121325,7.068122222222224,7.482632833884108
1557604_at,4.906890596000009,1.3994499999999999,1.628838888888889,4.906890596000023
1559280_a_at,4.906890596000009,0.842875,2.3897666666666666,4.9120861144934
1557468_at,4.906890596000009,1.2163799999999996,1.7498250000000002,4.906890596000023
1558144_at,4.906890596000009,0.79868,1.941805555555556,4.908452255029824
1556371_at,4.907644743566047,1.1120749999999997,1.9307333333333334,4.906890596000023
1557057_a_at,4.906890596000009,1.4190075,1.7835,4.906890596000023
1553604_at,4.9231464741195055,3.0316375,2.0492472222222218,4.973371708135783
1554438_at,4.906890596000009,1.5123875000000002,1.7926916666666668,4.9352674316026715
1558828_s_at,4.906890596000009,0.9662650000000002,1.7199805555555554,4.906890596000023
1558764_at,4.906890596000009,1.2539,1.6458500000000003,4.906890596000023
1555510_at,4.907304445421392,1.4680024999999999,1.6681527777777778,4.906890596000023
1554976_a_at,4.906890596000009,0.9270074999999997,1.957666666666667,4.906890596000023
1558867_at,4.908954719477997,0.6754975000000002,3.3264166666666664,4.930630649662275
1558848_at,4.906890596000009,0.9090200000000002,1.7390083333333328,4.906890596000023
1552673_at,4.911002698880512,0.8988075000000002,2.202538888888889,4.907198905284791
1557598_at,4.906890596000009,1.7605025,1.5614916666666667,4.908632545705322
1555224_at,4.906890596000009,1.06243,1.725452777777778,4.906890596000023
1552760_at,4.906890596000009,1.123625,2.072655555555555,4.907474446238433
1556711_at,4.906890596000009,1.1198925000000002,1.7778555555555553,4.906890596000023
1554485_s_at,4.9110487594968655,0.9529099999999998,1.7986861111111112,4.908371186536447
1553451_at,4.906890596000009,1.1022849999999997,1.6332027777777771,4.906890596000023
1558549_s_at,6.973752980144656,6.442800000000001,6.305111111111111,6.013178109135769
1556328_at,4.906890596000009,1.23098,2.573383333333333,4.949739438400684
1556558_s_at,4.907040575509443,0.9814975,2.0049333333333332,4.906890596000023
1554481_a_at,5.75114607287422,6.478752500000001,6.299447222222222,6.479463849814576
1553188_s_at,4.906890596000009,0.9046700000000003,1.8494388888888886,4.906890596000023
1555646_at,4.906890596000009,1.4191449999999997,1.6992500000000001,4.906890596000023
1554375_a_at,4.906890596000009,1.3398249999999998,1.4237694444444442,4.906890596000023
1554714_at,4.906890596000009,1.2205725,1.3911138888888892,4.906890596000023
1557891_s_at,4.909409702471707,1.4415500000000006,1.5116416666666668,4.906890596000023
1556901_s_at,4.906890596000009,1.2875249999999998,1.6648638888888887,4.906890596000023
1557424_at,4.906890596000009,1.2600950000000002,2.0838638888888896,4.911070112466911
1556912_at,4.906890596000009,1.020105,2.2192083333333326,4.908388907284791
1555880_at,4.91376554226416,1.4468525000000003,2.4061916666666665,5.084137766864259
1553906_s_at,9.637465372320753,8.9007675,8.478369444444446,7.82388723770198
1556448_a_at,4.906890596000009,0.8456774999999999,2.067438888888889,4.906890596000023
1554071_at,4.906890596000009,1.5452049999999997,1.736552777777778,4.906890596000023
1558128_at,4.907918889911959,1.3636125000000001,1.7767972222222221,4.913278315337771
1553180_at,4.906890596000009,1.1995,2.507922222222222,4.906890596000023
1554697_at,4.906890596000009,1.105445,1.7772361111111115,4.906890596000023
1555230_a_at,4.909177629622651,1.0867675,2.4182,4.910424571218567
1552316_a_at,7.645420032308177,6.75059,6.873805555555557,6.172588879198682
1553545_at,4.906890596000009,1.1213250000000001,1.5994222222222225,4.906890596000023
1554210_at,4.908670054886802,1.5202149999999999,1.565186111111111,4.907198905284791
1555560_at,4.926159488371078,1.1904424999999998,3.083213888888889,4.925403608112607
1559034_at,8.277526386867928,7.417900000000001,7.18736111111111,6.738753938645699
1552457_a_at,4.906890596000009,1.1014574999999995,2.101713888888889,4.908040430066248
1555613_a_at,6.117487701433966,6.597835000000001,6.637927777777779,6.7162068025629145
1552754_a_at,4.908817996540889,1.0034224999999997,2.8053027777777775,4.918024020619228
1552453_a_at,4.906890596000009,1.0732025,1.7826305555555555,4.906890596000023
1556170_at,4.907569281572336,1.56737,2.57261111111111,4.908728755215256
1554536_at,4.911171630100638,1.9021000000000001,1.5992777777777774,4.906890596000023
1553333_at,4.906890596000009,1.5442924999999998,1.9499416666666667,4.908306245268235
1554722_at,4.906890596000009,1.2548424999999996,1.6582194444444442,4.906890596000023
1556990_at,4.910220184201267,0.84508,2.5894805555555553,4.912128088870884
1559670_at,4.908315177943405,1.0064475,2.2918000000000003,4.906890596000023
1556967_at,4.906890596000009,2.2710475,1.3662249999999996,4.925620008158963
1557548_at,4.906890596000009,1.0193699999999999,2.426158333333334,4.908294023493401
1557606_at,4.906890596000009,1.2671499999999998,1.59715,4.907316865251679
1556334_s_at,4.906890596000009,1.185165,1.7787916666666659,4.906890596000023
1557531_a_at,4.906890596000009,1.4540349999999997,1.8442027777777779,4.908543250847705
1556541_s_at,4.906890596000009,1.2658074999999998,1.9904666666666668,4.907725339890751
1556490_a_at,4.906890596000009,0.9908825000000002,2.094408333333333,4.9091130707450565
1557456_a_at,4.906890596000009,1.1178675000000002,1.87315,4.906890596000023
1553605_a_at,4.948856179742145,3.2805425,3.0591333333333335,5.070108264562934
1557014_a_at,4.946799262918249,2.6970850000000004,2.333791666666667,5.013932648897373
1555345_at,4.909247876842776,1.5495300000000003,1.5936055555555562,4.906890596000023
1556038_at,4.906890596000009,1.2830625000000002,1.6032638888888886,4.906890596000023
1558621_at,4.936700893566047,2.6395524999999997,2.8816138888888876,5.369600528390748
1559651_at,4.906890596000009,1.2698274999999997,1.904544444444445,4.909732295460288
1556099_at,4.913304956861644,0.8165950000000001,3.0856777777777777,4.926142258625851
1554530_at,4.906890596000009,1.2218824999999998,1.6862166666666665,4.907144857917242
1554923_at,4.908544900433972,1.0173124999999998,2.0517944444444445,4.906890596000023
1554643_at,4.906890596000009,1.1446075,2.0802000000000005,4.906890596000023
1558672_at,4.906890596000009,1.298855,2.055069444444444,4.906890596000023
1552826_at,4.906890596000009,1.9783874999999995,1.4332388888888883,4.906890596000023
1556263_s_at,4.908645161716991,1.3954075000000001,1.9986638888888892,4.908676867089428
1554996_at,4.906890596000009,1.5164525000000002,1.6331583333333333,4.906890596000023
1557176_a_at,4.906890596000009,1.7036199999999997,1.3421305555555558,4.906890596000023
1557068_at,4.906890596000009,1.1033724999999999,2.2885805555555563,4.907530483665586
1558489_at,4.906890596000009,1.7429699999999997,1.6545194444444444,4.918019849665585
1552501_a_at,6.781386894779876,5.430652500000001,5.075705555555555,5.047507224182138
1557740_a_at,4.906890596000009,1.5608875000000004,1.7001222222222223,4.906890596000023
1553213_a_at,4.906890596000009,1.1121525,1.9278722222222224,4.906890596000023
1552904_at,4.906890596000009,1.6921575,2.1150694444444444,4.906890596000023
1557709_at,4.906890596000009,1.3507075000000004,1.6220666666666668,4.906890596000023
1554034_a_at,4.906890596000009,1.3226324999999999,2.028688888888889,4.906890596000023
1556133_s_at,4.906890596000009,1.0711974999999998,2.483833333333333,4.906890596000023
1554974_at,5.5391370091824,3.9596074999999993,5.149024999999999,5.5756603482649165
1554941_at,4.970623551930827,1.1872599999999998,3.2981166666666666,4.965631596702009
1553199_at,4.906890596000009,0.9473374999999995,2.5109222222222223,4.906890596000023
1555162_at,4.906890596000009,1.5191299999999999,1.5262472222222219,4.906890596000023
1554700_at,4.9073907239182475,0.9870250000000003,3.2113027777777785,4.906969558721878
1552731_at,4.906890596000009,1.4755000000000007,1.6373416666666667,4.906890596000023
1552538_a_at,4.909968764283028,0.9508325000000001,2.4594305555555556,4.908095686463599
1555717_at,4.906890596000009,1.8439775,1.7380194444444443,4.906890596000023
1559434_at,4.906890596000009,1.6690199999999997,1.9861750000000002,4.906890596000023
1556834_at,4.906890596000009,1.5754325000000002,2.228536111111111,4.911181718172209
1555220_a_at,4.906890596000009,1.4363000000000001,1.7324361111111113,4.9070779586755195
1554773_at,4.906890596000009,1.2341250000000001,1.7617166666666664,4.906890596000023
1553403_at,4.909106834308185,1.1534575,2.0301611111111106,4.906890596000023
1553915_at,4.9084988108993794,2.40588,1.9299527777777772,4.915208139956977
1555035_a_at,4.906890596000009,1.1700350000000004,1.9790388888888886,4.906890596000023
1552721_a_at,4.907070276201267,1.4545250000000003,2.1060527777777778,4.907272970890752
1559597_at,5.981313012823903,6.538097500000001,6.936616666666665,7.208978750831122
1553133_at,7.392666180238991,6.376815,5.820522222222222,5.640020266791399
1555253_at,4.906890596000009,1.5421774999999998,2.105822222222222,4.906890596000023
1555355_a_at,6.197469612584906,6.581502500000001,6.348252777777777,6.270554627841066
1557961_s_at,5.094540906333341,4.055145000000001,4.177297222222222,5.308199483582798
1555869_a_at,4.909011573025166,1.3552625000000003,1.7972388888888888,4.906890596000023
1557285_at,6.1596646464905715,5.789269999999999,6.241269444444445,5.928462595794711
1552922_at,4.906890596000009,1.3915499999999996,1.873191666666667,4.907474446238434
1553179_at,4.906890596000009,1.39779,1.8767833333333332,4.906890596000023
1555430_at,4.906890596000009,1.4937174999999998,1.7021249999999999,4.907774822278169
1552553_a_at,7.006756397389932,5.907419999999999,5.874691666666667,5.323525180420542
1554636_at,5.071373783547179,4.341172499999998,4.680461111111111,5.587963150301337
1555233_at,4.910282832691833,1.6050475,1.9307111111111115,4.906969558721878
1554216_at,4.906890596000009,2.11325,1.4735055555555556,4.906890596000023
1553156_at,4.906890596000009,1.0330525000000004,2.316022222222222,4.906890596000023
1554018_at,4.908595169559757,1.6963150000000002,2.7096083333333336,4.912303327433798
1553082_at,4.906890596000009,1.1302725,2.138175,4.906890596000023
1553474_at,4.906890596000009,1.4120850000000003,2.454505555555556,4.908639568629162
1559037_a_at,4.908315177943405,1.4466700000000003,2.0625138888888888,4.9110328528642615
1556617_a_at,4.906890596000009,1.3753125000000002,1.8103194444444444,4.906890596000023
1555270_a_at,4.906890596000009,2.548525,1.417325,4.964127522009956
1556980_at,4.906890596000009,1.2753325,1.8692416666666674,4.906890596000023
1553883_at,4.906890596000009,1.4278675,2.867975,4.908139166215255
1558565_at,4.906890596000009,1.3816925000000002,1.8583749999999999,4.906890596000023
1557842_at,4.917516993559758,1.3091799999999998,2.7288305555555556,4.923576253589427
1555572_at,4.908959116138373,1.3141725,2.5872527777777767,4.907530483665586
1553007_a_at,4.909813037930827,1.3343650000000002,2.015833333333333,4.906890596000023
1552379_at,4.906890596000009,1.3547524999999998,2.436786111111111,4.906890596000023
1552436_a_at,4.906890596000009,1.3586925,1.9116805555555554,4.906890596000023
1558778_s_at,4.914222313672965,1.0004199999999996,3.1576111111111107,4.923777895288103
1559722_at,4.907700239484286,1.7473799999999997,2.107902777777778,4.907093245523202
1559144_x_at,4.906890596000009,1.83398,1.5489666666666666,4.907618205831149
1554386_at,4.909193521836487,1.1475150000000003,2.2930055555555553,4.911004415198699
1556096_s_at,4.906890596000009,1.6755475,1.972547222222222,4.9109952374271755
1556938_a_at,4.906890596000009,1.5910325,2.4631,4.90867781651989
1556927_at,4.917863855018877,1.4438374999999997,2.763383333333333,4.943497909837772
1553086_at,4.906890596000009,1.6969024999999998,1.6796277777777777,4.906890596000023
1555166_a_at,4.9092944079874306,1.6511924999999998,1.8993916666666673,4.906890596000023
1553089_a_at,4.906890596000009,1.4514749999999998,1.8390333333333335,4.906890596000023
1553465_a_at,4.906890596000009,1.3322099999999997,2.1089333333333333,4.907198905284791
1553489_a_at,4.906890596000009,1.4545400000000002,1.8457138888888889,4.906890596000023
1555229_a_at,4.906890596000009,1.3399524999999999,2.194358333333333,4.91286861338744
1554676_at,9.694251552559752,9.162482500000001,9.117827777777778,8.614114464698675
1557443_s_at,4.906890596000009,1.7743475000000004,1.9719888888888886,4.908131680947043
1552740_at,4.910178176930827,1.6262300000000003,2.2361222222222223,4.908795603715255
1554314_at,4.920522763603783,1.5555225,2.7874416666666666,4.912701953556314
1552851_at,4.906890596000009,1.92972,1.9519388888888887,4.921512379894062
1552715_a_at,5.722553103025162,4.5428225,5.197849999999999,5.467989447933793
1557646_at,4.910636035477997,1.5361925,2.429819444444444,4.908869833735122
1552466_x_at,4.906890596000009,1.5644475000000004,2.1723777777777773,4.908336017278169
1556599_s_at,4.920649207352211,3.6243775,3.8659499999999998,5.399519140205315
1554776_at,4.907010777276739,1.8952649999999998,1.7307055555555553,4.907374770635785
1554908_at,4.907560858037745,1.4363725000000005,1.9054888888888888,4.906890596000023
1555286_at,4.912215532566047,1.2372725,2.476027777777778,4.914755374135785
1554970_at,4.906890596000009,1.4449225,1.8872500000000005,4.906890596000023
1556739_at,5.317378387855354,4.383287500000002,5.027930555555553,5.844577818854317
1556220_at,4.9099673203836565,1.5095625000000001,2.4551333333333334,4.916599638993401
1558773_s_at,4.907560858037745,1.5541675,1.7175888888888886,4.912280074145718
1552504_a_at,6.598765260553461,5.061847499999999,4.88105,5.250119678980146
1554401_a_at,4.906890596000009,1.4055799999999996,2.1520888888888887,4.9070779586755195
1555689_at,4.936059045088059,1.7329599999999996,2.5535249999999996,4.915201182923864
1554579_a_at,4.9455732223710775,3.534425,4.105872222222222,5.402999308261611
1552974_at,4.915780815201267,1.4661075000000003,2.9809833333333327,4.928133564764923
1556889_s_at,4.907939030993719,2.157255,2.085680555555555,4.916993689115918
1554128_at,6.007890760842779,3.388137499999999,6.325411111111112,6.094964918145706
1556406_at,4.906890596000009,1.3555449999999998,2.130505555555556,4.906890596000023
1552511_a_at,4.913380810226424,1.5578950000000003,2.8329888888888894,4.9336009530099565
1554999_at,6.623507038817613,5.707365000000001,5.53338611111111,5.610144488238424
1556378_a_at,4.906890596000009,1.7199049999999996,1.9220638888888888,4.907943827023202
1552774_a_at,4.910769032226424,1.7035575,2.1678305555555553,4.922371030877506
1557642_at,4.906890596000009,1.5659675000000004,2.4362416666666666,4.906890596000023
1555567_s_at,4.906890596000009,1.3798225,2.293263888888889,4.906890596000023
1555630_a_at,8.66541651745912,8.766839999999998,8.648625000000001,8.340321141231792
1559563_at,4.906890596000009,1.726255,1.6356805555555558,4.906890596000023
1559141_s_at,4.906890596000009,1.7316750000000003,2.060736111111111,4.906890596000023
1556329_a_at,4.930601760459129,1.7017324999999999,3.3022388888888887,4.988747442450354
1556630_at,4.909724944484286,1.6073949999999997,2.1172333333333335,4.906890596000023
1554504_at,4.907040575509443,1.6396275000000002,2.6053138888888885,4.907585871370884
1552563_a_at,4.917818163314474,1.941925,2.110955555555556,4.9485479483245225
1556209_at,6.165470646415093,6.0402474999999995,5.9053111111111125,6.221142360072854
1553374_at,4.908184995603783,1.512765,2.5126972222222226,4.9075314120728715
1556158_at,4.910962625364789,1.4849849999999998,2.654608333333334,4.914511467572871
1554810_at,5.0608776456729645,1.2949550000000003,4.105475000000001,5.088736220658963
1555221_at,4.906890596000009,1.4899700000000002,2.068344444444445,4.906890596000023
1552572_a_at,4.9092944079874306,1.5285275,2.990991666666666,4.911464609837772
1556758_at,4.923169311201268,1.325105,2.638627777777778,4.923370795304658
1558743_at,4.906890596000009,1.908015,2.196538888888889,4.906890596000023
1557621_at,4.906890596000009,1.4886524999999997,1.8872583333333337,4.906890596000023
1552666_a_at,4.908866779201267,1.5361250000000002,2.3222333333333336,4.907355217963599
1555875_at,4.92101434372328,2.0386925000000007,1.8128416666666665,4.9084979695993605
1556854_at,4.91084759162265,1.5301975000000003,1.8678944444444443,4.906890596000023
1554751_at,4.907217338635229,1.3366525,2.702511111111111,4.907662835466911
1554368_at,4.90761686780504,1.8273924999999998,2.0137444444444443,4.907258249351017
1557921_s_at,4.907010777276739,1.8546375000000004,1.9481416666666667,4.907748282566248
1554540_at,4.906890596000009,1.5411874999999997,2.7355777777777774,4.906938130082804
1559470_at,4.906890596000009,1.9021599999999999,2.0011333333333337,4.906890596000023
1555103_s_at,4.925239493213845,1.3279275000000004,3.0689250000000006,4.924721077327837
1552321_a_at,4.906890596000009,1.2552999999999996,2.4380611111111112,4.908097789480156
1557139_at,4.911776167433971,2.0463950000000004,1.8749500000000003,4.906890596000023
1552398_a_at,8.918427577773587,8.559012499999998,8.342027777777778,7.766299982794703
1553622_a_at,4.907158799377368,1.4260725,2.4844388888888895,4.906890596000023
1556554_at,4.906890596000009,1.291385,2.212183333333334,4.906890596000023
1559116_s_at,4.907918889911959,2.1009024999999992,1.5719388888888886,4.906890596000023
1554404_a_at,4.906890596000009,1.3636524999999997,2.033769444444444,4.906890596000023
1556199_a_at,4.906890596000009,1.7800275000000003,1.831666666666667,4.909498972248367
1555862_s_at,4.963089528157241,3.254237500000001,2.3800749999999997,5.164712202519883
1559410_at,6.898438526094341,7.567815,7.852447222222223,7.561222181059602
1558234_at,5.036455838993719,2.2986925000000005,2.178713888888889,4.907153908380819
1559270_at,4.906890596000009,1.6570175000000003,2.3732305555555557,4.906922337880818
1556500_a_at,4.906890596000009,1.7922324999999997,2.071916666666667,4.909075776655653
1555753_x_at,4.906890596000009,1.7034875,1.779516666666666,4.906890596000023
1554891_at,4.906890596000009,1.4047899999999998,2.2201249999999995,4.907599618533136
1556309_s_at,4.906890596000009,1.6762449999999998,1.8148027777777775,4.906890596000023
1555164_at,4.9125153229874305,1.6261974999999995,2.131908333333333,4.917649844956977
1555251_a_at,4.983927444522022,1.8196499999999998,2.3024305555555555,4.923563624195387
1559548_at,4.906890596000009,1.529285,2.035925,4.911639621301347
1558796_a_at,5.039836540433971,2.255635,2.7477916666666666,4.914251837877506
1558186_s_at,4.906890596000009,1.7965449999999996,2.0602111111111103,4.907138814731812
1554952_s_at,7.0465169741509435,5.886899999999999,5.732633333333335,5.295473975874189
1556200_a_at,4.9102293997547255,1.6208975000000003,2.1624749999999997,4.909674050397373
1559114_a_at,4.920315854364787,1.6788149999999995,2.3814805555555556,4.91245519775499
1554403_a_at,4.907891845018876,2.2339475,1.6516527777777779,4.907572084533135
1553851_at,4.906890596000009,1.9295674999999999,2.2839222222222224,4.906890596000023
1555309_a_at,4.906890596000009,1.5780175,2.013558333333333,4.906890596000023
1552573_s_at,4.906890596000009,1.5422775000000006,2.4812138888888886,4.906890596000023
1556429_a_at,4.908934521396236,1.94512,2.0351305555555554,4.923226905645718
1559117_at,8.71977598123899,8.342339999999998,8.654019444444442,8.450135322019866
1553607_at,4.913245550213846,1.9250725000000002,2.3113222222222216,4.909135270026514
1553497_at,4.906890596000009,1.750905,1.7895166666666666,4.906890596000023
1557889_at,5.392467000905669,2.6406749999999994,2.8700750000000004,4.94062341394042
1553911_at,4.906890596000009,1.3794624999999996,2.2544611111111106,4.906890596000023
1558402_at,4.906890596000009,1.3747099999999999,2.4858027777777782,4.906890596000023
1555740_a_at,4.913701128257871,1.3615949999999997,2.568483333333334,4.911891393897374
1555610_at,4.906890596000009,1.9326,2.299847222222222,4.906890596000023
1555726_at,4.906890596000009,1.6915300000000002,2.2508777777777778,4.906890596000023
1557161_at,4.911445028955983,1.5034500000000002,2.6298277777777774,4.908460438559626
1552378_s_at,4.956291481603783,1.4780650000000002,3.206991666666666,4.956064018771547
1555116_s_at,5.311189729981139,3.5517725000000007,2.5678750000000004,4.920394577284791
1559696_at,4.942184143471707,1.6700775,2.2958666666666665,4.922968452278168
1555357_at,4.907010777276739,1.6687850000000002,2.8086083333333325,4.908284676440421
1556894_at,5.062962640704412,1.519065,3.9011500000000003,5.043023163086113
1554771_at,4.906890596000009,1.7454450000000001,1.9090472222222223,4.919594620649029
1559497_at,4.907755398031456,1.399685,2.805133333333333,4.906890596000023
1553396_a_at,6.181773014364785,5.33838,5.391497222222222,6.191469239367554
1552629_a_at,4.906890596000009,1.7043874999999997,2.043186111111111,4.912898054115917
1555315_a_at,4.907275502641519,1.5391099999999995,2.286061111111111,4.906890596000023
1557713_at,4.911098311503154,1.47418,2.173519444444444,4.906890596000023
1552783_at,4.906890596000009,2.029935,2.108941666666666,4.906890596000023
1559310_at,4.906890596000009,1.95704,2.236838888888889,4.906890596000023
1559425_at,7.3420030278050366,7.5819600000000005,7.8988055555555565,7.652678718831124
1554158_at,4.906890596000009,1.7120999999999995,2.292080555555556,4.907183953360951
