,PC1,PC2,PC3
GSM158711,10.729410163918631,-8.727229236647348,-1.2806129082746447
GSM158712,10.756109338637836,-2.9292970997941428,0.37870594612727193
GSM158713,10.527104977520874,-0.3270192875361147,-0.047049855575463
GSM158714,10.680107217867645,9.686142820827627,1.0639173327636147
GSM158715,11.006160939764527,-6.724606190279484,0.09978539337816963
GSM158716,10.60116242900741,-2.6915722400369333,0.4556226749573423
GSM158717,10.40750229923409,3.3550349780699658,-0.4452661373275592
GSM158718,10.631727399507728,-2.0756733896838937,-1.2897990123304306
GSM158719,10.62857471405024,-2.6233270289075694,0.3309448548189077
GSM158720,11.032036590987058,1.5071740390348813,1.6388799900896402
GSM158721,10.730546902650412,1.892020018843148,0.5179220742397516
GSM158722,10.719938614347456,0.13409850652166141,1.2203867942807696
GSM158723,11.205625195583766,2.4075567770319055,2.5394349072289204
GSM158724,10.985174721091463,-1.1252080967118565,1.768477889098207
GSM158725,11.857055231688753,7.60386136714135,4.40354563545565
GSM158726,10.930784459172141,-3.287852205491849,0.9853525930087544
GSM158727,11.339349849834463,-8.016698537704924,1.3658905043778555
GSM158728,11.199329730739736,-3.9358662459482088,1.3388118247549654
GSM158729,10.51371363329464,5.3141679063742595,0.5719189883952012
GSM158730,11.032969570301207,-4.2613158869917935,0.6587074918661768
GSM158731,10.835533959052409,3.1833998834024175,1.7034088043453308
GSM158732,10.915968802806944,-3.6267190187057476,0.28730911451073654
GSM158733,10.828438693752462,1.363859805882782,1.555936306458143
GSM158734,10.88374086748195,-4.1467021179276164,0.4970366470009686
GSM158735,10.39667320655778,10.13999412841737,0.2407682467569078
GSM158736,10.223499885313192,8.941973298600411,0.3914730654902004
GSM158737,10.350821386846265,3.8217581653984483,-0.4598043952234621
GSM158738,10.600601082323436,-1.3893433234268655,-0.29335103272001795
GSM158739,10.44493747739972,5.559544414967719,-0.6296262074672647
GSM158740,10.549233172003579,-1.2321335926234402,-0.6377486059717572
GSM158741,10.70191761195564,-1.7548839489360342,0.7498629635159453
GSM158742,10.321394124420117,5.00868096793858,0.3829315778677797
GSM158743,10.627227055453494,-3.8576416457477696,0.11753911516354831
GSM158744,10.551393193455175,-3.1974328540640857,-0.6942806482495827
GSM158745,10.88248056487904,-9.813865806567138,-1.4874407296600605
GSM158746,10.450619785082795,0.7111271361665884,-0.9625487951128725
GSM158747,10.644583371231317,-0.2609559307463921,0.8038934269947803
GSM158748,10.784582880513543,-4.783464117256407,-0.04000133374046951
GSM158749,11.454004023031255,-6.563518244811707,2.126008749986019
GSM158750,10.61798781604491,-2.968453755820578,-0.19529123594976283
GSM158751,10.336626935970497,12.5986608964917,0.1867334770707253
GSM158752,10.636625251840869,-2.6043866097672908,0.4304870191705268
GSM158753,10.536121832266607,-2.37591641892363,-0.10260460534757587
GSM158754,11.010828113155469,-5.255585189787343,1.2467055668813398
GSM158755,10.634745887493624,-5.050050201544063,-0.6909244511482747
GSM158756,10.611015466100033,5.461887863853916,1.000523319699741
GSM158757,10.996721837039953,-7.039546493279889,-0.04369220333522235
GSM158758,11.649407682903263,-0.8824867014115867,3.103919298550366
GSM158759,10.507617953236725,-3.8697538692357596,-1.317772567562499
GSM158760,10.31627204810003,11.467011705713166,-0.34274382216127136
GSM158761,10.338253697619793,-1.5000818710481119,-1.2599393702499162
GSM158762,10.459062688630556,3.1800275783415834,-0.05539713436458254
GSM158763,10.36822467015352,-4.080811850712256,-0.6819546271708289
GSM158764,10.840799102098917,7.1209468664778575,1.9336248530226259
GSM158765,10.514953259302954,-2.1365488173963114,-0.8408262039678266
GSM158766,10.661424159303861,-5.096223387190448,-0.4982731797949632
GSM158767,10.40899118029996,0.7580523456998604,-0.8018497182544214
GSM158768,10.567591308052767,-3.554302272694722,0.3172131433793331
GSM158769,10.344391571243554,1.6007551233170219,0.04344532677280992
GSM158770,10.606137816358402,-2.4312341369927797,-0.030720350114075954
GSM158771,10.472678745367876,3.4223070910100195,-0.3165920511924743
GSM158772,10.585824794628024,-2.753780886740666,-0.6443223502307507
GSM158773,10.72043069538561,-5.7208650988389635,-0.9733729509623945
GSM158774,10.385884961647353,5.2564423735067205,0.3902234019912155
GSM158775,10.501284913700747,3.2303448645541133,0.5460106625203383
GSM158776,10.767932621712434,-8.498366300511822,-0.8621097051318944
GSM158777,10.416226828032103,7.7151585739831265,0.0918107645949828
GSM158778,10.452999154365601,8.851753486673116,0.051236494018402606
GSM158779,10.329172590336974,4.367634461661534,0.19614844613317375
GSM158780,10.593743694493936,-4.919574057350182,-0.07903269612867678
GSM158781,10.554422424230635,-4.479992974202542,-1.0476586423893957
GSM158782,10.33031116739058,-3.061320905873403,-0.9100808145566346
GSM158783,10.416430170667693,4.024535535596655,0.8311900082770841
GSM158784,10.60201937078228,-2.0861636982978604,0.2636869774055425
GSM158785,10.515303047557634,0.9920479772751607,0.22110148404444957
GSM158786,10.920044925618848,5.134906879008466,0.6627210255548149
GSM158787,10.350633161337178,9.89055624396892,0.42244979260169635
GSM158788,10.560026142520128,-1.641993680496743,-0.49216455027611267
GSM158789,10.797061239750514,-2.7068433902598286,0.3434872190364588
GSM158790,10.462201315478175,-1.7608927745337213,-0.3712060857446072
GSM158791,10.543743371421957,8.204652039670602,1.335747463520345
GSM158792,10.574537181006407,0.3295015352368298,0.6940435440843871
GSM158793,11.043442086198642,11.914826574622152,2.312072991764543
GSM158794,11.231283306094578,-5.642406381109202,1.0239081291339653
GSM158795,11.049910909850256,-6.287602753438875,1.0878924137292216
GSM158796,10.627584168221922,-0.6843539504561239,0.8169346575180192
GSM158797,10.756501070738485,0.27792006092880045,0.8156752070137743
GSM158798,11.32163403773798,1.2073726820990303,1.758257936006486
GSM158799,11.247913306757738,2.050714970119003,2.879781807417875
GSM158800,10.935117122645618,6.301719587968632,2.345156837423945
GSM158801,10.943403560389434,-5.239402301800323,0.8295904535126029
GSM158802,10.477109709182432,-1.0092678173996061,-0.7643761587566233
GSM158803,10.360848884300617,4.377872185808736,-0.08409643951186033
GSM158804,10.631028815294304,-3.6498778438604793,-0.3616736421325999
GSM158805,10.631003018268688,-0.7140968026270831,0.0747022522444568
GSM158806,10.535108300186625,-3.7228277227400954,-1.0689077102419369
GSM158807,10.48388285666695,10.23802492698307,0.507778820531987
GSM158808,10.392945636316869,2.518452864606368,-0.353025087712359
GSM158809,10.39122049417289,0.8902279846626905,-0.9812458497148696
GSM158810,10.479798445536517,-3.191039424200419,-0.8805547735533631
GSM158811,10.585569813624854,-3.239222531893801,-0.09838816792695593
GSM158812,10.675788908669881,-2.093579312910619,-0.8705853154568346
GSM158813,11.399075216606951,-0.18828495993476096,2.1556542133153958
GSM158814,10.641779712128576,-4.362506586328509,-0.5711259534366995
GSM158815,10.940018761355834,-6.563320670705834,0.24724240761365088
GSM158816,10.652572380379471,-6.666798221214513,-0.3580108928556774
GSM158817,11.281183918588562,-3.3077536102566096,1.4888489209596205
GSM158818,10.755273310737598,7.529743787456215,2.140633528371289
GSM158819,11.543357810953824,-5.593678656995122,2.4079185536351435
GSM158820,10.723418173676679,1.6732167703597798,1.4109070227326281
GSM158821,11.395520557336077,5.539812148747942,3.054094180514907
GSM158822,11.403378881640549,-5.843828929760706,2.0982756447147026
GSM158823,10.984461819032571,4.8753943170450595,1.718227805243529
GSM158824,11.177480689898628,-1.8991897858852749,1.8052968678595913
GSM158825,10.656831267979811,7.559724210926776,1.3369300138561107
GSM158826,11.785257370550982,9.418097129417689,3.9293492733718036
GSM158827,11.405428728924923,-4.489996363161405,1.8710923105781114
GSM158828,10.770950144546527,3.261142414332171,1.538968459244462
GSM158829,11.834657385711736,-5.709605332314282,2.7470394343039426
GSM158830,10.79216202704933,6.41520559995297,2.1500729855411715
GSM158831,11.85803544942125,-4.200335743321703,2.4487393412065566
GSM158832,11.441705966646605,5.743089034492523,3.585575971361877
GSM158833,10.370486821733882,-1.250589526687144,0.06197505462576419
GSM158834,10.676305928479902,11.53888273460377,1.5493239426685237
GSM158835,10.472786350575145,-1.7905341121501852,-0.31851244235097476
GSM158836,10.43927528693447,-2.5003587072883695,-0.3457263055421327
GSM158837,10.419657778169983,9.021581847842963,0.001359147709193927
GSM158838,10.65163441450601,-6.473914696432643,-0.8994502394324769
GSM158839,10.413068721972595,3.364680976816471,0.047814916744998374
GSM158840,10.38110456917854,10.003773366441447,-0.0709696080582219
GSM158841,10.76492907633854,-2.0060025969763626,0.5344633996647012
GSM158842,10.830306665267525,-3.8520536962948757,0.4064519953047623
GSM158843,11.526836629162233,1.312555755664883,2.7561758785759367
GSM158844,10.923362420903448,-4.5128256439355985,0.36994594645454726
GSM158845,10.467321910818287,-2.5930088389131316,-0.1380043665899097
GSM158846,11.296307996285533,-1.6454803035227383,2.2909520504948007
GSM158847,10.461374693127496,5.135365538970967,0.8659592682256511
GSM158848,11.50048402437105,-4.194419463141676,2.5277453857995247
GSM158849,11.108155444456772,-4.364275427072639,0.987261940154046
GSM158850,10.932721735658792,-5.889584406739997,0.5522872229498861
GSM158851,10.787964097221618,-5.211737610575347,-0.12026422988868343
GSM158852,10.750221826375435,11.839124529498626,0.9952916650718597
GSM158853,11.374905761357192,-3.5822998930894396,2.5703683825204373
GSM158854,10.945457254498443,-3.7984106088999874,1.215623450189713
GSM158855,10.925228711714565,-3.720957513276357,1.0810640645586478
GSM158856,11.691398912453032,-4.212108491175967,2.3396573133815406
GSM158857,11.144494350187085,-0.1342074890949304,1.8077399023860674
GSM158858,10.923391611023906,-3.549985173305918,1.0135190520191377
GSM158859,11.153843460472798,-4.978994023293458,1.30588501673741
GSM158860,11.731285983159037,-3.5865198579435567,3.1264601929747364
GSM158861,11.332750983107923,-2.930664721141701,1.8961071741770117
GSM158862,11.849065099624259,0.6381257208015366,3.594114842339218
GSM158863,11.746326959727712,-3.9275341076103816,2.0733191758991767
GSM158864,11.7196245946918,-4.814837818130324,2.8727282874717353
GSM158865,11.929481586771269,6.407142302150172,3.5093039565158364
GSM158866,10.481684090268251,3.482079515491819,-0.9962374694751558
GSM158867,10.805699624285559,2.408195542134839,0.13456007618921925
GSM158868,10.886595468654443,0.25103445396533897,-0.993672456073268
GSM158869,10.344049938161389,6.738701154880086,-0.5626112372456276
GSM158870,10.435646951079393,-2.909535472417486,-2.013084373560353
GSM158871,10.564280873666478,-5.823914308838985,-0.639263179201197
GSM158872,10.778254143251546,-6.602231977906239,-0.7286544627321311
GSM158873,10.638988992827976,-4.8925786225426195,-0.25551892320991976
GSM158874,10.621485904585942,-5.069071372029129,-0.9919035039904586
GSM158875,10.39290990787881,-3.4465511683214656,-0.6699580193787852
GSM158876,10.831099470652749,-6.486723459437668,-0.44251770709584637
GSM158877,10.424592525826512,4.412562375530363,-0.0877632381941822
GSM158878,10.573873658837499,-3.0327578893986233,-0.8753278753404549
GSM158879,10.855912581693504,-5.609485125733203,-0.8950422066047098
GSM158880,10.483392125045789,-5.2672978919786235,-1.323552587970347
GSM158881,10.769848305974069,-4.228634055680963,-1.3468070743485545
GSM158882,10.931293296787405,-8.670758737287066,-1.5468186089962113
GSM158883,10.377789421174274,6.911232228393962,-0.4733574782913014
GSM158884,10.36947508676976,4.791969436952401,-0.5214412138450472
GSM158885,10.498970498115105,-3.1750778700760467,-0.6508160510398514
GSM158886,10.496904071514164,-2.02503557431682,-0.6488157959388826
GSM158887,10.83514084488285,-4.734245919462662,-0.8631049563899309
GSM158888,10.32789892673272,7.959493798006952,-0.17292890007985992
GSM158889,10.6505894026493,-7.019052615519697,-1.1974450954066063
GSM158890,10.695396405407008,-6.835659318656956,-0.6945648551766075
GSM158891,10.802192426401788,-2.015376293504691,-1.092990119581999
GSM158892,10.629723118172869,-4.881840166714985,-0.6272784626404377
GSM158893,10.93163232898582,5.641912918014708,-0.2032647972453427
GSM158894,11.077895656893933,-8.888729639500708,-0.7886312534045673
GSM158895,10.78301319676364,9.838440437175025,0.3591262557085644
GSM158896,10.653035931905103,1.9603827604834132,-0.2338485679313835
GSM158897,10.494978514879516,1.4838061569585121,-0.19949595508188872
GSM158898,10.505081082331838,4.8960499073718955,0.0016276266541328586
GSM158899,10.513162817432319,-5.192682484882826,-1.2171209522768753
GSM158900,10.360508017923737,2.927626560787685,-0.177514321301805
GSM158901,10.588888778325863,-2.299026140561826,0.3869289224977682
GSM158902,10.64707621232476,0.939224364934038,0.7112366668533321
GSM158903,10.728495671065062,2.8970776794422166,0.5886543198885329
GSM158904,10.50683165206867,1.7781911975227305,0.4885158068219685
GSM158905,10.414896681290399,1.4990649003091674,-0.6810868555093753
GSM158906,10.304606247692961,0.7027959857120021,-0.8466203788878176
GSM158907,10.739343116548284,-3.7872668975502206,0.26135813903248956
GSM158908,10.65683496098933,-6.524707988786195,-0.5752604100186536
GSM158909,10.46199102972017,-2.2999711433701067,-0.206229490286168
GSM158910,10.861551591383634,-5.379769537700861,-0.059401030351402866
GSM158911,10.427319814591254,5.812118008322355,0.45090954936097816
GSM158912,10.590095685654681,-0.6740909849754222,-0.2651907150190594
GSM158913,10.556236785881502,-4.711574657523258,-0.11145024702750156
GSM158914,10.226742464209952,8.571322200305564,-0.8363437113128344
GSM158915,10.584593387269981,-0.4379937207157518,-0.518037494920521
GSM158916,10.860006639230237,-6.684403090473138,-0.48947699611543954
GSM158917,10.360113374365525,7.884671022122078,-0.6466019406489777
GSM158918,10.445334630665375,5.244481938890471,-0.07480920555110972
GSM158919,10.370109876199379,2.201811240579042,-0.6154192139320516
GSM158920,10.380166565323202,1.8616959747455273,-0.7626550576959265
GSM158921,10.643916768017379,-5.582188390329442,-1.251625104976625
GSM158922,10.311717945860337,-1.075284789891181,-0.9127550568361581
GSM158923,10.340645443094186,4.923667167124771,-0.668250187585767
GSM158924,10.397840942355149,1.1871735361900038,-0.9076489583127687
GSM158925,10.590067103250801,-3.8669017382291266,-0.8856744802489159
GSM158926,10.915075759099913,-6.605136014474309,-0.5973829265646275
GSM158927,10.839597271862743,-3.141951004522891,-0.6653143813817427
GSM158928,10.253457057172923,9.349112829223502,0.001902403088735958
GSM158929,10.546608270838892,-3.580603633248409,-0.408355470607633
GSM158930,10.410312917592123,-2.073544764362113,-0.7963856762015
GSM158931,10.451977495855902,3.7487883589257023,-0.513838989511048
GSM158932,10.419569566532857,1.1951222348365955,-1.11903738818544
GSM158933,10.523819523706491,-3.4103481360273062,-0.5427330076581792
GSM158934,10.677440491129524,-2.7446741161950037,-0.48428722064581164
GSM158935,10.684774930562947,-6.06681746291041,-0.8534004198143126
GSM158936,10.38990453498349,0.536444940205424,-0.9736634030574081
GSM158937,10.552830762331821,2.2042727190508034,-0.6535383897583367
GSM158938,10.649410167899598,2.102791776297577,-0.3583924066894367
GSM158939,10.377008538835454,3.587312511071367,-1.0779867199543258
GSM158940,10.43835695710066,0.43066740848801255,-0.5135102999456945
GSM158941,10.83119318669374,-7.202109472547507,-0.3282658140083611
GSM158942,10.437900613596677,9.247472519736569,-0.06891228978359172
GSM158943,10.645446306478288,0.37616954342480446,-0.1613039481591429
GSM158944,10.208149820700593,3.862335375778428,-0.8553774162141796
GSM158945,10.659272637782964,2.3321374781393045,0.9631536236411429
GSM158946,10.44175240447736,11.655224112401106,0.2264679122837305
GSM158947,11.255559904223801,-3.284045081251795,1.2874894049035046
GSM158948,10.898255345463511,-9.375258398025721,-1.3910566073959205
GSM158949,10.81202574092414,-1.9011795053356526,-0.6725167401717531
GSM158950,10.574312464157613,-0.28225747545480157,-0.7792301767444139
GSM158951,10.557880577345836,-0.0795503825140258,-0.17825153195909058
GSM158952,10.425983733119924,8.645937211399268,0.04337046896777309
GSM158953,10.597540202461845,-6.365766243222859,-0.5273069583563906
GSM158954,10.33163107906458,11.25830924724978,0.27892684012855845
GSM158955,10.767852742474327,-0.04824276891700532,-0.2506466724678094
GSM158956,10.862336392744457,-0.05549347968601462,-1.0950266030082803
GSM158957,11.184562109672363,-4.623342853466866,0.8710304778608781
GSM158958,10.479828900137301,-4.796546712102357,-1.889283505869941
GSM158959,10.171986990940612,5.07559056534937,-0.9284151694579815
GSM158960,10.340337133172872,-0.7193232993090858,-1.16399344537688
GSM158961,10.364577934441574,-2.408616196376429,-1.3298148718103129
GSM158962,10.530402878514892,-3.449789677644669,0.21060145320280257
GSM158963,10.746852234472058,3.676222131090199,0.9684639981778148
GSM158964,10.793815004531313,0.4086550064256278,1.1109820435363855
GSM158965,10.895054355593924,-7.010553180646269,-0.7145997408065237
GSM158966,10.403757405797895,-1.6405740230178991,-2.3228402504041084
GSM158967,10.755416530583611,-6.848337422321311,-0.10528762614380527
GSM158968,10.7490838462073,-2.723531581974888,0.4237521179454436
GSM158969,10.335925314534373,8.610350298752206,0.5533460568109476
GSM158970,10.565191350669439,-4.2082758494306685,-1.5742002276183507
GSM158971,10.73736094641259,-2.839771416892041,-0.3070240359316999
GSM158972,10.992880697743175,-2.4821977524614023,0.2743271220214652
GSM158973,10.771072083529004,-1.3525619729675564,1.0963858349302829
GSM158974,10.492985741082691,9.13949118793497,0.2784193804212575
GSM158975,10.771706450417526,-4.038761045337642,-0.4539730144725747
GSM158976,10.612062574047512,6.754371729871151,0.45427514621364085
GSM158977,10.698960843449608,-4.568840160153367,-0.004597802677860619
GSM158978,10.875000578320288,-7.499682252773089,0.26050859912804725
GSM158979,10.72860125438731,5.70473554942563,1.2752763235956712
GSM158980,10.341122976924318,9.368278597749395,0.7660433835819901
GSM158981,10.771001755900322,0.45858886892860157,0.6615707299528082
GSM158982,10.423215744257345,-2.375392279529155,-0.8221367889132859
GSM158983,10.5704142826127,-3.059124665142062,-0.3276341907664952
GSM158984,11.208957755809577,-3.322976702577872,0.29275269333326576
GSM158985,10.701851880527348,-2.1668529363494566,-0.18015231724787753
GSM158986,10.509015627178746,12.997164018574264,1.3209808582048852
GSM158987,10.273724206299134,13.413666196088059,0.35563690705220324
GSM158988,10.718734358447847,-5.979181445220861,-0.736205236213193
GSM158989,10.4464240327494,7.505416715252373,0.41495576357360275
GSM158990,10.983473358361909,-7.325358257356727,0.30274279248496627
GSM158991,10.585396072248916,-5.583906948830788,-1.8642652663821953
GSM158992,10.509144092770581,4.058676274940656,-0.29538660656676313
GSM158993,10.411843287394442,3.1750508996740434,0.03823832359123352
GSM158994,10.642497949925234,-2.9345474365645488,-0.2973474597342854
GSM158995,11.039506689280367,-6.1671496751490045,0.34835283411164636
GSM158996,11.017858477738395,-5.271185749821542,0.5335025052175373
GSM158997,10.756651206812663,-4.1491784417480995,0.4216563100658531
GSM158998,10.643313629971235,-2.554714308636911,0.9724472892325351
GSM158999,10.428654322999119,1.7856889099533588,-0.22470257036874638
GSM159000,10.979356353299233,-1.8769929162822658,1.1944561156132814
GSM159001,10.595291269827689,9.392250469943106,1.1919538340468245
GSM159002,10.980923158664165,-7.802366017996808,0.32363638948480916
GSM159003,10.409563385642254,-1.2891751105715847,-1.2383540240075699
GSM159004,10.293690390442892,7.675882600731968,-1.2439816503851584
GSM159005,10.250592654560222,-1.3842006085252399,-1.6274864086231338
GSM159006,10.373079494168264,1.7432048100832334,-1.228657134666632
GSM159007,10.32467278884262,11.216777009455233,-0.5568313749369358
GSM159008,10.732158492496685,2.949966994075248,-1.7785527021952594
GSM159009,10.372966170421003,7.355138904689292,-1.3077862376465446
GSM159010,10.736615311332656,-4.639947589289946,-1.6345898244238368
GSM159011,10.345670712771158,2.247793397192695,-1.900306839865264
GSM159012,10.247205617980358,6.934925575122239,-1.0792269676168125
GSM159013,10.490877113595053,-5.9940944987430855,-2.1269049426084137
GSM159014,10.43962856254015,-6.255489309848108,-2.811352551588259
GSM159015,10.358679164335891,-4.179806627369478,-2.1634343210418443
GSM159016,10.25948015163588,4.418338423372861,-1.4464949881555007
GSM159017,10.245630614185357,4.102845167934069,-0.9291526330891124
GSM159018,10.240564067656116,13.903489093281324,-0.5155753559342506
GSM159019,10.852706843208574,-2.6609037074325563,-1.61060158533737
GSM159020,10.580156097487844,-4.630297091049139,-2.1118589838826582
GSM159021,10.129382033526811,9.049129826493301,-1.1305803054824515
GSM159022,10.288377888027005,1.4746208184462954,-1.0442080840065169
GSM159023,10.359422152430179,5.472621538718386,-1.3715724136072096
GSM159024,10.291786721090196,-0.11769328744982083,-1.6350585361945404
GSM159025,10.348479794859648,3.0783890184041054,-1.177512225009218
GSM159026,10.203304131980705,11.449483810287786,-1.0102603480766132
GSM159027,10.343958241207554,-0.4434785995268788,-1.0419340837237339
GSM159028,10.403245024219082,6.491439945929441,-1.4107385344253662
GSM159029,10.362566104488527,5.769963414633784,-1.1870313127161833
GSM159030,10.34913680036271,8.256602112535735,-0.21359283602945917
GSM159031,10.198726557000136,3.0601699563299585,-0.9495669570973764
GSM159032,10.32920723311949,-2.7869069474319996,-1.9379771776253196
GSM159033,11.072516821764879,3.298942218960892,-0.025891239111443597
GSM159034,10.576459853376067,-3.8919108312988735,-0.9300425279938425
GSM159035,10.41762472571355,4.218743596278376,-1.9241334846408469
GSM159036,10.607363565498556,2.4362032998248297,0.442435837599685
GSM159037,10.53708024040243,-4.496127118792861,-0.5518216250072413
GSM159038,10.664477338530421,-4.174118797265435,0.44244825089335144
GSM159039,10.508907380488834,0.4727418671660706,-0.1640205707363391
GSM159040,10.55958533382326,0.3803256826397231,0.15899570995308765
GSM159041,10.396156852190815,-3.1308956370255037,-1.5325503042094515
GSM159042,10.452249650128103,-3.8394178446843554,-2.0337521885138488
GSM159043,10.190504550007848,-4.77636536469499,-1.8935096966516258
GSM159044,10.537115262549438,-5.0614852207001935,-2.119581792070106
GSM159045,10.699399876028016,-5.9270093610348935,-1.4434365722469262
GSM159046,10.57288666216723,-3.763157985544632,-1.387161249676842
GSM159047,10.08817137189188,7.770046597468128,-0.997514589440842
GSM159048,10.298899882016013,-2.882135669221473,-1.8739384101824095
GSM159049,10.326189642310766,-1.0433862589494909,-1.9362056140519834
GSM159050,10.446179640680823,-5.2925044236367444,-1.953893713625925
GSM159051,10.501038886747823,1.5372041471789815,-0.7593502837160964
GSM159052,10.316494308718736,-0.6741696122730833,-2.0232616763937648
GSM159053,10.367657115214197,0.9179472407067244,-1.4411115205577523
GSM159054,10.168455038518086,7.959026693910614,-1.3352857197012191
GSM159055,10.500051689999673,-5.040728100103533,-2.3192381340774797
GSM159056,10.325491512649052,-2.8796575230408,-1.8523537465195647
GSM159057,10.24785240334763,-2.175625149519777,-1.5399745979878552
GSM159058,10.389962431940598,-5.251699851937426,-1.7362429929305414
GSM159059,10.219035023776305,5.913825566507786,-1.1781046679885518
GSM159060,10.465314536563826,2.492856781338663,-1.329150729433387
GSM159061,10.09346127722476,11.682908661958908,-0.951885826978646
GSM159062,10.335588910613701,-2.5148740932344347,-1.5062529687501842
GSM159063,10.248331577685837,-1.5438539346441749,-1.6537948399469073
GSM159064,10.329701798172744,7.29708022687035,-0.8933361488321402
GSM159065,10.342864333716124,-4.7408667291954965,-2.30449402241554
GSM159066,10.379422201149948,-4.824619876942108,-2.4469753871417814
GSM159067,10.537323500801289,-5.938483762600658,-1.9717763675354112
GSM159068,10.380095359700878,-4.0176620446151485,-2.116114524306067
GSM159069,10.55740066861435,0.4695089961784491,-1.6538183833598747
GSM159070,10.423410740606847,-4.416998330212566,-1.4725744189810863
GSM159071,10.67330059333102,-3.866005161815625,-1.9200317095239718
GSM159072,10.305393786326096,1.4685924413950222,-1.0162358886446738
GSM159073,10.271785881042906,0.08527893788109153,-1.570050733673853
GSM159074,10.660770052161833,-5.967526465931135,-2.3488498258792863
GSM159075,11.08954771573617,0.2975606770159081,2.417775511975278
GSM159076,10.39559350211405,8.902349492958063,0.8221306127314634
GSM159077,10.517423266172338,-3.2305981817117884,-0.27674228236242326
GSM159078,10.212777378238533,12.386811904788948,0.22150392265343047
GSM159079,10.587707893385838,-4.544188317935682,-1.4725333145644222
GSM159080,10.134376688489013,9.439277013848287,-0.34231278577387036
GSM159081,10.427140212084112,-4.286579898241424,-1.7080850254106517
GSM159082,10.42308668369799,-2.1721198898965417,-0.14688584019097736
GSM159083,10.40368356242979,-1.0606797741475718,-0.008934434738882684
GSM159084,10.560180078984535,1.4965624402117976,0.23984095509227354
GSM159085,10.834611332226604,-3.658175680250556,0.6666788930265881
GSM159086,10.851253054320926,-6.03373614893864,-0.027467814397277898
GSM159087,10.941564395245551,6.918707373068722,2.113936504581879
GSM159088,10.343934618584857,1.0229713866666865,-0.7779947164085074
GSM159089,10.762397197243121,3.474325072376526,1.4224077573785177
GSM159090,11.0632966598037,-4.492127929029978,1.0110758903670594
GSM159091,11.46996661939913,-0.3372259287306146,2.11740978955187
GSM159092,12.137627100528572,-3.9953085721380632,3.5002426435617457
GSM159093,11.014795569357618,-2.8317477416054677,1.790764084794814
GSM159094,10.668737948113707,1.6345250540886471,0.7088017182165269
GSM159095,10.46333509565486,-1.1036307246306463,0.017884582220935977
GSM159096,10.327937922028529,5.65280493837792,-0.47524683999048123
GSM159097,10.869871890004243,-2.1636477785021393,0.8172401276960176
GSM159098,10.55490969677832,6.839748564525252,-0.41405742127697076
GSM159099,10.806945143240306,-4.498692705129761,-0.4565857396276112
GSM159100,10.683687405384307,-5.047208035721378,0.16599900955804553
GSM159101,10.861962991360894,-6.851078518749722,-1.605650017672781
GSM159102,11.09576128568719,-5.0772070618439935,1.275150093557616
GSM159103,10.709059736154247,-1.4523699054632428,1.4073853890040815
GSM159104,10.200759550044351,12.963248570697326,-0.24642682842768024
GSM159105,10.539593130078144,1.069694130984083,0.45706321823848217
GSM159106,10.901993194986158,-5.403083461180373,0.9296633059269905
GSM159107,10.27597891900749,10.310530577887384,-0.9402989575347529
GSM159108,10.361899485534428,-4.769587828130323,-1.5977553483727198
GSM159109,11.129608568640846,-4.307137382425646,-2.278317872113773
GSM159110,10.372738257083931,-3.4648234934204236,-1.8498675400862137
GSM159111,10.540375858081873,-3.0215287572353393,-1.7403311881040127
GSM159112,10.223340253754268,-0.6887521999919676,-1.779296744115302
GSM159113,10.440929136766957,-2.938342587735069,-1.348610884507946
GSM159114,10.245295632475624,4.50941794985206,-1.8457027341815577
GSM159115,10.296866541082444,12.946536768044696,-0.8742886361342099
GSM159116,10.452865398857881,-1.7750457088918532,-1.8850467113984994
GSM159117,10.415338345215748,2.8596472806508806,-1.5594150215844205
GSM159118,10.46587332385532,-1.2800931683275325,-1.1363690011192211
GSM159119,10.268113653162297,8.512068904994527,-0.8883748388963166
GSM159120,10.206091705943082,2.4794505199062447,-1.1011413975332571
GSM159121,10.55032677475208,-7.292137655616549,-1.893463426007756
GSM159122,10.17631472246801,12.07638996218556,-0.7207336951145209
GSM159123,10.270911386765196,10.703929115174398,-0.9120943582836252
GSM159124,10.298308225357141,2.7374494083371874,-1.1567020942907045
GSM159125,10.411798192282212,2.309449524997981,-1.3187352383080144
GSM159126,10.61802560899094,-5.974290521206196,-1.3933032776035226
GSM159127,10.509907327274334,-4.172406663353479,-1.8520725476981708
GSM159128,10.435371368073934,7.001037595804258,-1.6106044352935802
GSM159129,10.328533180123836,-0.07386044402645467,-1.0048020877860409
GSM159130,10.412915534235553,-3.315441820724215,-1.5710185386627291
GSM159131,10.707801566876563,3.8916775821085987,0.7836245378992213
GSM159132,10.722591094019615,1.863478198846945,0.8469348934392207
GSM159133,10.815521940591038,-0.29911666432909717,1.0614966005895163
GSM159134,11.383638921519532,-5.228978404517927,1.7349516514332721
GSM159135,10.57617056020028,-7.414110909942255,-2.606356289747853
GSM159136,10.622807447723096,-3.841568128961685,-2.176141163482653
GSM159137,10.215196773830655,-0.706654103042811,-1.5012308354581012
GSM159138,10.289651814358312,6.281874763407906,-0.7084373917530351
GSM159139,10.445581566384528,-2.4271391540112788,-2.8018094248396954
GSM159140,10.283918073116894,7.02106459406961,-1.2238469139595218
GSM159141,10.375085028631768,-4.060886889421804,-1.984026504847161
GSM159142,10.315955322320605,-1.7605910940522862,-1.2050968442549486
GSM159143,10.546331698897614,-3.5083349801521617,-0.9413343431393494
GSM159144,10.611425094909892,2.6948804643096094,-1.7486245550698298
GSM159145,10.541217517350985,-4.736582728008782,-2.2500431504588496
GSM159146,10.382913807691176,2.94258065510353,-1.1669018123736845
GSM159147,10.586992779002232,-4.233389059805328,-1.3662063751112365
GSM159148,10.574558460943287,-2.594238437393337,-1.7805787200563385
GSM159149,10.153528631825754,7.697331234909959,-0.8038639555892146
GSM159150,10.25709844479015,6.140093534129156,-1.4105305491331137
GSM159151,10.293109281944224,8.180090080753224,-1.113593194711564
GSM159152,10.619782659439549,-0.6548513283121729,-1.9595638758621585
GSM159153,10.273614072612563,3.5443212816853813,-1.5041915678734759
GSM159154,10.258956369660664,-2.895055564716911,-1.5536557028612688
GSM159155,10.299519057347641,-1.1953115010490514,-2.2948126960985897
GSM159156,10.254489825388355,-1.1301249807021831,-1.5606184249411625
GSM159157,10.327432222378514,1.0601069595700723,-1.3072737283474711
GSM159158,10.301154488801302,-0.25007296832076203,-1.6657020209481124
GSM159159,10.391661019311199,-1.8720960442576176,-1.4852266907959744
GSM159160,11.160743030042129,-8.058925683478035,0.8002461192053262
GSM159161,10.556183380265754,-2.5017550283144487,-1.4506154380687473
GSM159162,10.619015046499506,-1.1758818441094703,-1.6670889288367938
GSM159163,10.585883996895328,-0.38071261814460267,-0.804608817039442
GSM159164,10.498627528825644,1.8144114165085083,0.19286661759508897
GSM159165,10.405346644118886,-2.469389242651298,-0.7544557826176308
GSM159166,10.382927059327146,4.50017525323006,-0.9681841896337473
GSM159167,10.579515783526508,-1.4981786212953372,-0.11915684631215435
GSM159168,10.40165346495512,-1.8545695454177804,-0.673703454984675
GSM159169,10.966728973730985,-2.9623864294939577,0.42730312225930783
GSM159170,10.603210010890571,7.3509876928187925,1.3828882095144084
GSM159171,10.209492661784028,7.375507264091143,-0.641481147479052
GSM768679,-46.55362327125819,-6.453200856973322,25.782052705405693
GSM768680,-65.87377015949852,-1.7334558255416126,5.457409079171708
GSM768681,-41.15035493114235,5.515741647629344,25.641326958366395
GSM768682,-47.41156906865142,1.4809822558547612,20.83213381102847
GSM768683,-48.85116737661996,-9.012613300491617,25.245132525060704
GSM768684,-62.84535202320333,-3.116603309463369,11.982657279014052
GSM768685,-49.24509422124759,-1.9988234033683032,10.533475417863748
GSM768686,-72.32960389784407,14.47464028016296,5.449964870004958
GSM768687,-67.01236888297328,9.955366415777105,9.727354220439745
GSM768688,-66.77930015847012,-5.349017009017819,8.079411306344367
GSM768689,-69.09646016826554,-5.342661364987405,4.267304627848316
GSM768690,-51.50751347091789,10.463181240377802,18.238768035007244
GSM768691,-59.51730987758582,-13.9592155645392,15.089052291078833
GSM768692,-61.72475802970341,-4.908836281937049,9.994376796339324
GSM768693,-71.54494435293277,13.037587483528167,1.320326801370738
GSM768694,-68.54758358142672,11.977900884026882,-4.200595419147583
GSM768695,-72.01785230463399,-6.268901759160984,-3.135663233893357
GSM768696,-63.946963148206066,1.0166615104314582,-0.10915788792470733
GSM768697,-69.70684129038281,-10.041210061175212,-7.1889918173751886
GSM768698,-65.59458916647829,7.685462610762796,0.07327665605010794
GSM768699,-69.32449209720663,-4.407176952489806,-2.939802699052166
GSM768700,-65.37941766768924,-6.446763701979991,-7.881412479868251
GSM768701,-58.58073833034921,-10.396165248292496,-1.3986466171305745
GSM768702,-64.56716953496885,3.311102396002899,-15.223437448737737
GSM768703,-71.16051920393193,-8.092332226772879,-8.9303013707224
GSM768704,-72.38376503129737,5.304833692281006,-2.5696118045286718
GSM768705,-82.27482902324392,-6.135556323683546,-11.125143776395783
GSM768706,-57.8200178329818,9.079474071223531,19.555484065759735
GSM768707,-63.45963965418408,0.9024734449378905,-6.278132378186829
GSM768708,-62.178376936478074,-4.527672889677218,-3.9870311717319358
GSM768709,-49.28989133762743,-6.78812915032175,20.53534337997853
GSM768710,-56.24831292686555,-8.786508194760383,8.739494085228968
GSM768711,-73.61483128503583,0.8019916730880756,-10.266614863724095
GSM768712,-80.61104760803738,9.511767176065643,-9.492761564728985
GSM768713,-73.29096238709214,-3.2877914452535597,-3.3653677659729713
GSM768714,-54.40329708779154,-5.805719069778324,0.6240315093436563
GSM768715,-73.08645819355932,-0.7398013018767692,-5.2812346952252875
GSM768716,-69.83355696209333,11.11556352815256,-5.753567271029308
GSM768717,-70.75266434076384,14.029267675356019,-6.506095592677097
GSM768718,-68.0264553189732,0.47089310911383697,-10.663860325012681
GSM768719,-68.9375629887198,-6.875855766472825,-5.019114514249188
GSM768720,-73.8580595555466,3.2903610236250427,-13.966615414061941
GSM768721,-73.10369866613584,13.592867913305952,-8.221776257959444
GSM768722,-72.4772603577956,-3.2893581387803494,-10.139980799450704
GSM768723,-64.72796213187405,1.0445571838336425,-11.956873458961795
GSM768724,-52.372573684955285,-0.29581705259879565,21.02564831905605
GSM768725,-79.40511373946202,-4.718092313143645,-9.91755874843306
GSM768726,-82.25235978687468,5.866698832537242,-17.548051212404363
GSM768727,-57.24361194848087,-2.1225551041168673,12.80428388991355
GSM768728,-62.53845093367662,4.175036592151464,12.72179005959175
GSM768729,-53.51640670918788,6.7489743774551725,11.834915010562128
GSM768730,-78.55643026938573,10.973926400895097,-14.748050434077916
GSM768731,-71.66528037846132,-9.877297633381938,-14.156896185205689
GSM768732,-65.14455770273285,-7.648853011530805,0.5881803076523214
GSM768733,-70.23836789820224,-12.02800739013873,11.630616390689982
GSM768734,-63.44444507977452,-1.110581039066074,4.504160126283443
GSM768735,-55.16674331137793,-9.632739892417376,7.250443539640465
GSM768736,-51.11157179252597,-10.13169700731376,17.300799658778793
GSM768737,-54.57495857203329,-5.503039644536959,18.528779733834796
GSM768738,-42.03828923773587,6.978681631903708,21.354342335849385
GSM768739,-60.77033760534158,13.788864298773573,12.839262895272913
GSM768740,-72.92182874992143,-8.092838178889206,-11.600294666924077
GSM768741,-65.63723411392806,6.278192774807562,-12.997057479014664
GSM768742,-61.020929169090635,3.379817312520852,4.952025204022666
GSM768743,-62.367453408085694,8.612247587167774,4.9032503277533
GSM768744,-56.72890415956217,-7.6486009910033195,0.8445997509929373
GSM768745,-59.68079280916016,-4.005361880619162,-1.1229560342604106
GSM768746,-53.8051214181701,8.498063808364373,2.4872716771395926
GSM768747,-65.16513622573171,0.3480763778327668,-1.2475187036787283
GSM768748,-53.602604288399384,-2.2914900805284213,2.6247435344852574
GSM768749,-76.84397311416048,11.893886069171169,-10.443193459171132
GSM768750,-57.95796032678171,3.314334217771379,-1.8453535463872919
GSM768751,-74.23701340977401,-13.781243929947903,-6.576061417633074
GSM768752,-66.69168995007166,-12.312081907971583,-6.898051802458876
GSM768753,-81.67720214624434,-6.603204024884718,-15.952125199384652
GSM768754,-83.54383947632975,9.449703271066241,-18.72312080713017
